BEGIN
	SAVEPOINT S1;
BEGIN
	INSERT INTO DOC_TIPO VALUES (1, 'FATURA PROFORMA');
	INSERT INTO DOC_TIPO VALUES (2, 'FATURA');
	INSERT INTO DOC_TIPO VALUES (3, 'NOTA DE ENTREGA');
EXCEPTION
	WHEN OTHERS THEN
	ROLLBACK TO S1;
END;
COMMIT;
END;
/

------------------------------------------------------------------------------------

BEGIN
	SAVEPOINT S2;
BEGIN
	INSERT INTO Cod_postal VALUES (6400, 'PRADOS');
	INSERT INTO Cod_postal VALUES (2200, 'ABRANTES');
	INSERT INTO Cod_postal VALUES (3700, 'ARRIFANA');
	INSERT INTO Cod_postal VALUES (9270, 'FAZENDA');
	INSERT INTO Cod_postal VALUES (5230, 'VIMIOSO');
	INSERT INTO Cod_postal VALUES (3510, 'CARVALHA');
	INSERT INTO Cod_postal VALUES (2615, 'QUINTA MARQUES DA SERRA');
	INSERT INTO Cod_postal VALUES (2525, 'SERRA DEL REI');
	INSERT INTO Cod_postal VALUES (4435, 'RIO TINTO');
	INSERT INTO Cod_postal VALUES (2500, 'CALDAS DA RAINHA');
	INSERT INTO Cod_postal VALUES (3814, 'AVEIRO');
	INSERT INTO Cod_postal VALUES (4765, 'PEDOME');
	INSERT INTO Cod_postal VALUES (2600, 'CASTANHEIRA DO RIBATEJO');
	INSERT INTO Cod_postal VALUES (3860, 'PARDILHO');
	INSERT INTO Cod_postal VALUES (4705, 'MOREIRA');
	INSERT INTO Cod_postal VALUES (4814, 'GUIMARAES');
	INSERT INTO Cod_postal VALUES (4960, 'BARALHA');
	INSERT INTO Cod_postal VALUES (4460, 'SENHORA DA HORA');
	INSERT INTO Cod_postal VALUES (2835, 'BARREIRO');
	INSERT INTO Cod_postal VALUES (7100, 'MONTE DA COELHA');
	INSERT INTO Cod_postal VALUES (4910, 'VILA PRAIA DA ANCORA');
	INSERT INTO Cod_postal VALUES (7540, 'SANTIAGO DO CACEM');
	INSERT INTO Cod_postal VALUES (2205, 'COALHOS');
	INSERT INTO Cod_postal VALUES (4550, 'BAIRROS');
	INSERT INTO Cod_postal VALUES (2765, 'ESTORIL');
	INSERT INTO Cod_postal VALUES (4450, 'MATOSINHOS');
	INSERT INTO Cod_postal VALUES (4405, 'VILA NOVA DE GAIA');
	INSERT INTO Cod_postal VALUES (1349, 'LISBOA');
	INSERT INTO Cod_postal VALUES (2685, 'SACAVEM');
	INSERT INTO Cod_postal VALUES (1250, 'LISBOA');
	INSERT INTO Cod_postal VALUES (1500, 'LISBOA');
	INSERT INTO Cod_postal VALUES (2830, 'BARREIRO');

EXCEPTION
	WHEN OTHERS THEN
	ROLLBACK TO S2;
END;
COMMIT;
END;
/

------------------------------------------------------------------------------------

BEGIN
	SAVEPOINT S3;
BEGIN
	INSERT INTO Cliente (NOME_CLIENTE, TIPO_ENTIDADE, NIF_NIPC, IBAN) VALUES ('CARLA ARAUJO OLIVEIRA', 'I', 923941130, 5398112997639496116309);
	INSERT INTO Contatos (MORADA_SEDE, COD_POSTAL, NR_TELEFONE, EMAIL) VALUES ('TRAVESSA POMBAL N 54, 1oA ESQ, 6400-214 PRADOS ', 6400, 212657871, 'CARLAARAUJOOLIVEIRA@RHYTA.COM');

	INSERT INTO Cliente (NOME_CLIENTE, TIPO_ENTIDADE, NIF_NIPC, IBAN) VALUES ('GREEN MOTORS UNIPESSOAL', 'C', 509417558, 5398112997639496116309);
	INSERT INTO Contatos (MORADA_SEDE, COD_POSTAL, NR_TELEFONE, EMAIL) VALUES ('RUA CASAL DA Borga LOTE 44, 5o ESQ, 2200-062 ABRANTES', 2200, 212871239, 'GMPORTUGAL@GMAIL.COM');

	INSERT INTO Cliente (NOME_CLIENTE, TIPO_ENTIDADE, NIF_NIPC, IBAN) VALUES ('JOSE GOMES ANDRADE', 'I', 251881564, 407071107190564195074);
	INSERT INTO Contatos (MORADA_SEDE, COD_POSTAL, NR_TELEFONE, EMAIL) VALUES ('R Doutor Alfredo Freitas N 56, R/C DIR, 3700-395 ARRIFANA', 3700, 218521986, 'ANDRADEJG@SAPO.PT');

	INSERT INTO Cliente (NOME_CLIENTE, TIPO_ENTIDADE, NIF_NIPC, IBAN) VALUES ('MARISA ALMEIDA FERREIRA', 'I', 542624616, 177199014546639146921);
	INSERT INTO Contatos (MORADA_SEDE, COD_POSTAL, NR_TELEFONE, EMAIL) VALUES ('RUA ALFERES VEIGA PESTANA N 88, 2o B, 9270-032 FAZENDA', 9270, 211820538, 'ALMEIDAMARISA@IOL.PT');

	INSERT INTO Cliente (NOME_CLIENTE, TIPO_ENTIDADE, NIF_NIPC, IBAN) VALUES ('ZABOX', 'C', 964628131, 026528896127744028645);
	INSERT INTO Contatos (MORADA_SEDE, COD_POSTAL, NR_TELEFONE, EMAIL) VALUES ('RUA CALVARIO N 39, 32o PISO, 5230-285 VIMIOSO', 5230, 215984459, 'ZABOX@ZABOX.PT');

	INSERT INTO Cliente (NOME_CLIENTE, TIPO_ENTIDADE, NIF_NIPC, IBAN) VALUES ('MARTIM DIAS RODRIGUES COSTA', 'I', 969495040, 673701031156915344675);
	INSERT INTO Contatos (MORADA_SEDE, COD_POSTAL, NR_TELEFONE, EMAIL) VALUES ('AVENIDA 25 DE ABRIL LOTE 4, 3510-642 CARVALHA', 3510, 219363224, 'RODRIGUESCOSTA@SAPO.PT');

	INSERT INTO Cliente (NOME_CLIENTE, TIPO_ENTIDADE, NIF_NIPC, IBAN) VALUES ('SKYNU', 'C', 509137266, 264211220498600912369);
	INSERT INTO Contatos (MORADA_SEDE, COD_POSTAL, NR_TELEFONE, EMAIL) VALUES ('PLANO INTEGRADO 114, 2615-646 QUINTA MARQUES DA SERRA', 2615, 217144384, 'SKYNUNEGOTIONS@SKYNU.COM');

	INSERT INTO Cliente (NOME_CLIENTE, TIPO_ENTIDADE, NIF_NIPC, IBAN) VALUES ('PEDRO CARDOSO ARAUJO', 'I', 628463863, 071594786353764536959);
	INSERT INTO Contatos (MORADA_SEDE, COD_POSTAL, NR_TELEFONE, EMAIL) VALUES ('AVENIDA PRAIA N 119, 2525-811 SERRA DEL REI', 2525, 213834404, 'PEDROARAUJO@GMAIL.COM');

	INSERT INTO Cliente (NOME_CLIENTE, TIPO_ENTIDADE, NIF_NIPC, IBAN) VALUES ('MATEUS MARTINS ROCHA', 'I', 323038071, 154693202680935286553);
	INSERT INTO Contatos (MORADA_SEDE, COD_POSTAL, NR_TELEFONE, EMAIL) VALUES ('RUA JARDIM N53, 12o F, 4435-391 RIO TINTO', 4435, 936783050, 'MMROCHA@IOL.PT');

	INSERT INTO Cliente (NOME_CLIENTE, TIPO_ENTIDADE, NIF_NIPC, IBAN) VALUES ('ORNELAS LDA', 'C', 812917255, 608254512350808093976);
	INSERT INTO Contatos (MORADA_SEDE, COD_POSTAL, NR_TELEFONE, EMAIL) VALUES ('ESTRADA NACIONAL N 116, 3o A, 2500-836 CALDAS DA RAINHA', 2500, 217182432, 'ORNELAS@GERAL.COM');

	INSERT INTO Cliente (NOME_CLIENTE, TIPO_ENTIDADE, NIF_NIPC, IBAN) VALUES ('OZU LDA', 'C', 241396993, 361533760043895289563);
	INSERT INTO Contatos (MORADA_SEDE, COD_POSTAL, NR_TELEFONE, EMAIL) VALUES ('ESTRADA NACIONAL N 65, 1o ESQ, 3814-504 AVEIRO ', 3814, 962062809, 'OZUSOLUTIONS@OZU.PT');

	INSERT INTO Cliente (NOME_CLIENTE, TIPO_ENTIDADE, NIF_NIPC, IBAN) VALUES ('LADEL LDA', 'C', 881113653, 493840471508895778563);
	INSERT INTO Contatos (MORADA_SEDE, COD_POSTAL, NR_TELEFONE, EMAIL) VALUES ('RUA SAO VENTO N 54, 4765-135 PEDOME', 4765, 210944253, 'LADEL@LADEL.PT');

	INSERT INTO Cliente (NOME_CLIENTE, TIPO_ENTIDADE, NIF_NIPC, IBAN) VALUES ('EMILIA RODRIGUES CARDOSO SOUSA', 'I', 824366077, 473500304965544855326);
	INSERT INTO Contatos (MORADA_SEDE, COD_POSTAL, NR_TELEFONE, EMAIL) VALUES ('AVENIDA GUERRA JUNQUEIRO N 81, 2o C, 2600-670 CASTANHEIRA DO RIBATEJO', 2600, 219076276, 'EMILIACRS@EMAIL.PT');

	INSERT INTO Cliente (NOME_CLIENTE, TIPO_ENTIDADE, NIF_NIPC, IBAN) VALUES ('LIVENATION SA', 'C', 942297441, 369404884389267214011);
	INSERT INTO Contatos (MORADA_SEDE, COD_POSTAL, NR_TELEFONE, EMAIL) VALUES ('AVENIDA JOAO C REAL N 44, 3860-701 PARDILHO', 3860, 924647577, 'LIVENATIONCORPORTION@LIVE.ORG');

	INSERT INTO Cliente (NOME_CLIENTE, TIPO_ENTIDADE, NIF_NIPC, IBAN) VALUES ('NEWALLIANCE LDA', 'C', 702779537, 023369136525901916827);
	INSERT INTO Contatos (MORADA_SEDE, COD_POSTAL, NR_TELEFONE, EMAIL) VALUES ('RUA CERDEIRA ERVAS N 26, LOTE 23, 4705-526 MORREIRA', 4705, 930217452, 'NEWALLIANCE@GERAL.PT');

	INSERT INTO Cliente (NOME_CLIENTE, TIPO_ENTIDADE, NIF_NIPC, IBAN) VALUES ('SOFIA CONCALVES GABRIEL CARVALHO', 'I', 887736749, 663816090094194109623);
	INSERT INTO Contatos (MORADA_SEDE, COD_POSTAL, NR_TELEFONE, EMAIL) VALUES ('ESTRADA NACIONAL N 117, R/C ESQ, 4814-531 GUIMARAES', 4814, 215420370, 'SOFIACARVALHO@HOTMAIL.COM');

	INSERT INTO Cliente (NOME_CLIENTE, TIPO_ENTIDADE, NIF_NIPC, IBAN) VALUES ('MARA AZEVEDO ALMEIRA PEREIRA', 'I', 852425253, 868557756855454074368);
	INSERT INTO Contatos (MORADA_SEDE, COD_POSTAL, NR_TELEFONE, EMAIL) VALUES ('AVENIDA NOVA N 62, 6o G, 4960-110 BARALHA', 4960, 212808319, 'PEREIRAMARA@LIVE.COM');

	INSERT INTO Cliente (NOME_CLIENTE, TIPO_ENTIDADE, NIF_NIPC, IBAN) VALUES ('LETICIA PEREIRA RODRIGUES BARROS', 'I', 925963136, 029837597663791578835);
	INSERT INTO Contatos (MORADA_SEDE, COD_POSTAL, NR_TELEFONE, EMAIL) VALUES ('AVENIDA FRANCELOS N 108, LOTE 5, 4460-998 SENHORA DA HORA', 4460, 212201563, 'LPRBARROS@BSS.PT');

	INSERT INTO Cliente (NOME_CLIENTE, TIPO_ENTIDADE, NIF_NIPC, IBAN) VALUES ('KIZU LDA', 'C', 202327323, 550760303170671387918);
	INSERT INTO Contatos (MORADA_SEDE, COD_POSTAL, NR_TELEFONE, EMAIL) VALUES ('RUA SARMENTO PIMENTAL N 49, 2830-552 BARREIRO', 2830, 965165534, 'KIZU@KIDZNATION.COM');

	INSERT INTO Cliente (NOME_CLIENTE, TIPO_ENTIDADE, NIF_NIPC, IBAN) VALUES ('FABIO CARDOSO PINTO', 'I', 706745109, 795381290367443386974);
	INSERT INTO Contatos (MORADA_SEDE, COD_POSTAL, NR_TELEFONE, EMAIL) VALUES ('RUA CID TOMAR N 110, 2o ESQ, 2835-614 PENALVA', 2835, 216749767, 'CARDOSOPINTO@IOL.PT');

	INSERT INTO Cliente (NOME_CLIENTE, TIPO_ENTIDADE, NIF_NIPC, IBAN) VALUES ('JULIO CUNHA DIAS', 'I', 978581162, 328854199622117649059);
	INSERT INTO Contatos (MORADA_SEDE, COD_POSTAL, NR_TELEFONE, EMAIL) VALUES ('RUA MARIA M TAVARES N 54, 8o 1, 7100-040 MONTE DA COELHA', 7100, 211580638, 'DIASJULIO@GMAIL.COM');

	INSERT INTO Cliente (NOME_CLIENTE, TIPO_ENTIDADE, NIF_NIPC, IBAN) VALUES ('NOVAVIDA LDA', 'C', 978222148, 269731728740223967745);
	INSERT INTO Contatos (MORADA_SEDE, COD_POSTAL, NR_TELEFONE, EMAIL) VALUES ('AVENIDA BOAVISTA N 77, LOTE 54, 4910-393 VILA PRAIA DA ANCORA', 4910, 962143905, 'NOVAVIDAOPORTUNIDADES@IOL.PT');

	INSERT INTO Cliente (NOME_CLIENTE, TIPO_ENTIDADE, NIF_NIPC, IBAN) VALUES ('FILIPE RIBEIRO CASTRO FERNANDOS', 'I', 998509352, 005613821041583033356);
	INSERT INTO Contatos (MORADA_SEDE, COD_POSTAL, NR_TELEFONE, EMAIL) VALUES ('RUA SAO GONCALO N 61, 3o A, 7540-158 SANTIAGO DO CACEM', 7540, 216021534, 'FELIPEFERNANDES@FF.COM');

	INSERT INTO Cliente (NOME_CLIENTE, TIPO_ENTIDADE, NIF_NIPC, IBAN) VALUES ('FABIO SOUSA', 'I', 755815850, 542172336796716991045);
	INSERT INTO Contatos (MORADA_SEDE, COD_POSTAL, NR_TELEFONE, EMAIL) VALUES ('RUA HEROIS ULTRAMAR N 64, 3o 2, 2205-306', 2205, 934277975, 'FABSOUSA@SAPO.PT');

	INSERT INTO Cliente (NOME_CLIENTE, TIPO_ENTIDADE, NIF_NIPC, IBAN) VALUES ('JOSE CAVALCANTI SOUZA', 'I', 954301835, 031321147730030236247);
	INSERT INTO Contatos (MORADA_SEDE, COD_POSTAL, NR_TELEFONE, EMAIL) VALUES ('AVENIDA ESCOLAS N 71, 2o ESQ, 4550-035 BAIRROS', 4550, 217856565, 'CAVALCANTIJOSE@HOTMAIL.COM');

	INSERT INTO Cliente (NOME_CLIENTE, TIPO_ENTIDADE, NIF_NIPC, IBAN) VALUES ('RAFAEL VITOR AZEVEDO', 'I', 826742273, 567046596073569885554);
	INSERT INTO Contatos (MORADA_SEDE, COD_POSTAL, NR_TELEFONE, EMAIL) VALUES ('AVENIDA LAGA N 1, 6o C, 2765-263 ESTORIL', 2765, 214102677, 'RAFAEL_AZEVEDO@HOTMAIL.COM');

	INSERT INTO Cliente (NOME_CLIENTE, TIPO_ENTIDADE, NIF_NIPC, IBAN) VALUES ('MATEUS GONCALVES ROCHA', 'I', 682527459, 172118005678142876687);
	INSERT INTO Contatos (MORADA_SEDE, COD_POSTAL, NR_TELEFONE, EMAIL) VALUES ('RUA TAPADA MARINHA N 30, R/C ESQ, 4450-340 MATOSINHOS', 4450, 214523305, 'MATEUS_ROCHA@HOTMAIL.COM');

	INSERT INTO Cliente (NOME_CLIENTE, TIPO_ENTIDADE, NIF_NIPC, IBAN) VALUES ('ARTUR SANTOS E FILHOS', 'C', 178220940, 889512334996973034050);
	INSERT INTO Contatos (MORADA_SEDE, COD_POSTAL, NR_TELEFONE, EMAIL) VALUES ('RUA PARQUE GONDARIM N 21, 4405-996 VILA NOVA DE GAIA', 4405, 960603635, NULL);

	INSERT INTO Cliente (NOME_CLIENTE, TIPO_ENTIDADE, NIF_NIPC, IBAN) VALUES ('MITRI SA', 'C', 615059053, 990613296879119225452);
	INSERT INTO Contatos (MORADA_SEDE, COD_POSTAL, NR_TELEFONE, EMAIL) VALUES ('RUA SOUSA LOPES N 8, 2o E, 1349-003 LISBOA', 1349, 214391233, NULL);

	INSERT INTO Cliente (NOME_CLIENTE, TIPO_ENTIDADE, NIF_NIPC, IBAN) VALUES ('LARISSA ROSA CUNHA', 'I', 853391588, 052159710687418202059);
	INSERT INTO Contatos (MORADA_SEDE, COD_POSTAL, NR_TELEFONE, EMAIL) VALUES ('RUA IRENE LISBOA N 13, APARTAMENTO A4, 2685-160 SACAVEM', 2685, 933669480, 'ROSA_CUNHA@MAIL.COM');

	INSERT INTO Cliente (NOME_CLIENTE, TIPO_ENTIDADE, NIF_NIPC, IBAN) VALUES ('SAMMY SA', 'C', 584505297, 629047392122916571717);
	INSERT INTO Contatos (MORADA_SEDE, COD_POSTAL, NR_TELEFONE, EMAIL) VALUES ('AVENIDA JULIO DINIS N 59, 1250-035 LISBOA', 1250, 211079769, NULL);

	INSERT INTO Cliente (NOME_CLIENTE, TIPO_ENTIDADE, NIF_NIPC, IBAN) VALUES ('SARA AFONSO MARTINS DOS SANTOS', 'I', 932022367, 799047146525955403904);
	INSERT INTO Contatos (MORADA_SEDE, COD_POSTAL, NR_TELEFONE, EMAIL) VALUES ('AVENIDA MIGUEL BOMBARDA N 61, 6o A, 1500-463 LISBOA', 1500, 214994556, 'SARA_SANTOS@GMAIL.COM');
EXCEPTION
	WHEN OTHERS THEN
	ROLLBACK TO S3;
END;
COMMIT;
END;
/

------------------------------------------------------------------------------------

BEGIN
	SAVEPOINT S4;
BEGIN
	INSERT INTO Metodo_pag VALUES (1, 'TRANSFERENCIA');
	INSERT INTO Metodo_pag VALUES (2, 'DINHEIRO');
	INSERT INTO Metodo_pag VALUES (3, 'CHEQUE');
EXCEPTION
	WHEN OTHERS THEN
	ROLLBACK TO S4;
END;
COMMIT;
END;
/

------------------------------------------------------------------------------------

BEGIN
	SAVEPOINT S5;
BEGIN
	INSERT INTO Meio_entrega VALUES (1, 'AVIAO');
	INSERT INTO Meio_entrega VALUES (2, 'EXPRESSO');
	INSERT INTO Meio_entrega VALUES (3, 'BARCO');
	INSERT INTO Meio_entrega VALUES (4, 'CAMIAO');
EXCEPTION
	WHEN OTHERS THEN
	ROLLBACK TO S5;
END;
COMMIT;
END;
/

------------------------------------------------------------------------------------

BEGIN
	SAVEPOINT S6;
BEGIN
	INSERT INTO IVA VALUES (1, 0.06);
	INSERT INTO IVA VALUES (2, 0.13);
	INSERT INTO IVA VALUES (3, 0.23);
EXCEPTION
	WHEN OTHERS THEN
	ROLLBACK TO S6;
END;
COMMIT;
END;
/

------------------------------------------------------------------------------------

BEGIN
	SAVEPOINT S7;
BEGIN
	INSERT INTO Produto (DESCRICAO, PRECO, ID_IVA, LUCRO, STOCK) VALUES('BANANA', 0.99, 1, 0.55, 12);
	INSERT INTO Produto (DESCRICAO, PRECO, ID_IVA, LUCRO, STOCK) VALUES('ABIU', 1.99, 3, 0.79, 6);
	INSERT INTO Produto (DESCRICAO, PRECO, ID_IVA, LUCRO, STOCK) VALUES('AJURU', 1.49, 1, 0.75, 16);
	INSERT INTO Produto (DESCRICAO, PRECO, ID_IVA, LUCRO, STOCK) VALUES('MORANGO' , 1.29, 1, 0.99, 13);
	INSERT INTO Produto (DESCRICAO, PRECO, ID_IVA, LUCRO, STOCK) VALUES('CAJU', 1.79, 1, 0.70, 6);
	INSERT INTO Produto (DESCRICAO, PRECO, ID_IVA, LUCRO, STOCK) VALUES('COCO' , 1.59, 3, 0.54, 18);
	INSERT INTO Produto (DESCRICAO, PRECO, ID_IVA, LUCRO, STOCK) VALUES('CUMARU' , 2.59, 3, 0.95, 1);
	INSERT INTO Produto (DESCRICAO, PRECO, ID_IVA, LUCRO, STOCK) VALUES('SAPOTA' , 2.99, 2, 0.67, 20);
	INSERT INTO Produto (DESCRICAO, PRECO, ID_IVA, LUCRO, STOCK) VALUES('PÊRA' , 1.19, 3, 0.51, 7);
	INSERT INTO Produto (DESCRICAO, PRECO, ID_IVA, LUCRO, STOCK) VALUES('LARANJA' , 0.89, 1, 1.08, 0);
	INSERT INTO Produto (DESCRICAO, PRECO, ID_IVA, LUCRO, STOCK) VALUES('MONGUBA' , 1.79, 2, 1.04, 0);
	INSERT INTO Produto (DESCRICAO, PRECO, ID_IVA, LUCRO, STOCK) VALUES('PEQUI' , 2.39, 2, 1.04, 11);
	INSERT INTO Produto (DESCRICAO, PRECO, ID_IVA, LUCRO, STOCK) VALUES('MARACUJA' , 2.69, 1, 1.04, 19);
	INSERT INTO Produto (DESCRICAO, PRECO, ID_IVA, LUCRO, STOCK) VALUES('PITOMBA' , 3.89, 2, 0.76, 11);
	INSERT INTO Produto (DESCRICAO, PRECO, ID_IVA, LUCRO, STOCK) VALUES('QUINA' , 1.59, 3, 0.88, 15);
	INSERT INTO Produto (DESCRICAO, PRECO, ID_IVA, LUCRO, STOCK) VALUES('PITAYA' , 2.49, 1, 1.50, 0);
	INSERT INTO Produto (DESCRICAO, PRECO, ID_IVA, LUCRO, STOCK) VALUES('TAMARINHO' , 3.99, 3, 1.00, 7);
	INSERT INTO Produto (DESCRICAO, PRECO, ID_IVA, LUCRO, STOCK) VALUES('CAIMITO' , 2.09, 3, 1.20, 3);
	INSERT INTO Produto (DESCRICAO, PRECO, ID_IVA, LUCRO, STOCK) VALUES('RAMBUTAO' , 2.69, 1, 1.00, 6);
	INSERT INTO Produto (DESCRICAO, PRECO, ID_IVA, LUCRO, STOCK) VALUES('TATAJUBA' , 3.49, 2, 1.10, 2);
	INSERT INTO Produto (DESCRICAO, PRECO, ID_IVA, LUCRO, STOCK) VALUES('SAPOTI' , 1.79, 2, 1.91, 16);
	INSERT INTO Produto (DESCRICAO, PRECO, ID_IVA, LUCRO, STOCK) VALUES('MARMELINHO', 1.89, 3, 1.26, 10);
	INSERT INTO Produto (DESCRICAO, PRECO, ID_IVA, LUCRO, STOCK) VALUES('AMAPA' , 2.19, 1, 0.63, 6);
	INSERT INTO Produto (DESCRICAO, PRECO, ID_IVA, LUCRO, STOCK) VALUES('ALFARROBA' , 1.29, 3, 0.44, 4);
	INSERT INTO Produto (DESCRICAO, PRECO, ID_IVA, LUCRO, STOCK) VALUES('ANANAS' , 2.39, 1, 1.00, 3);
	INSERT INTO Produto (DESCRICAO, PRECO, ID_IVA, LUCRO, STOCK) VALUES('DAMASCO' , 2.99, 2, 1.01, 2);
	INSERT INTO Produto (DESCRICAO, PRECO, ID_IVA, LUCRO, STOCK) VALUES('ABACAXI' , 4.59, 3, 1.06, 5);
	INSERT INTO Produto (DESCRICAO, PRECO, ID_IVA, LUCRO, STOCK) VALUES('CATOLE' , 5.49, 1, 1.10, 0);
	INSERT INTO Produto (DESCRICAO, PRECO, ID_IVA, LUCRO, STOCK) VALUES('DENDE' , 4.29, 3, 1.05, 0);
	INSERT INTO Produto (DESCRICAO, PRECO, ID_IVA, LUCRO, STOCK) VALUES('GRAVIOLA' , 4.79, 3, 1.10, 7);
	INSERT INTO Produto (DESCRICAO, PRECO, ID_IVA, LUCRO, STOCK) VALUES('INGA' , 6.99, 3, 1.17, 16);
	INSERT INTO Produto (DESCRICAO, PRECO, ID_IVA, LUCRO, STOCK) VALUES('JACA' , 6.29, 1, 0.83, 15);
	INSERT INTO Produto (DESCRICAO, PRECO, ID_IVA, LUCRO, STOCK) VALUES('MANGABA' , 4.99, 1, 0.59, 14);
	INSERT INTO Produto (DESCRICAO, PRECO, ID_IVA, LUCRO, STOCK) VALUES('MAROLO' , 9.99, 2, 0.84, 10);
	INSERT INTO Produto (DESCRICAO, PRECO, ID_IVA, LUCRO, STOCK) VALUES('UVA' , 8.59, 2, 0.50, 8);
	UPDATE Produto set preco = preco * 0.4;
EXCEPTION
	WHEN OTHERS THEN
	ROLLBACK TO S7;
END;
COMMIT;
END;
/

------------------------------------------------------------------------------------

BEGIN
	SAVEPOINT S8;
BEGIN
	INSERT INTO Doc_cabecalho (DATA_EMISSAO, TIPO_DOC, ID_CLIENTE) VALUES(TO_DATE('2015/02/07', 'YYYY/MM/DD'), 1, 14);
	INSERT INTO Doc_detalhe (NR_CLIENTE, NR_LINHA, ID_PRODUTO, PESO) VALUES(14, 1, 1, 92);
	INSERT INTO Doc_detalhe (NR_CLIENTE, NR_LINHA, ID_PRODUTO, PESO) VALUES(14, 2, 15, 41);
	INSERT INTO Doc_detalhe (NR_CLIENTE, NR_LINHA, ID_PRODUTO, PESO) VALUES(14, 3, 12, 38);

	INSERT INTO Doc_cabecalho (DATA_EMISSAO, TIPO_DOC, ID_CLIENTE) VALUES(TO_DATE('2015/04/07', 'YYYY/MM/DD'), 2, 14);
	INSERT INTO Doc_detalhe (NR_CLIENTE, NR_LINHA, ID_PRODUTO, PESO) VALUES(14, 1, 1, 92);
	INSERT INTO Doc_detalhe (NR_CLIENTE, NR_LINHA, ID_PRODUTO, PESO) VALUES(14, 2, 15, 41);
	INSERT INTO Doc_detalhe (NR_CLIENTE, NR_LINHA, ID_PRODUTO, PESO) VALUES(14, 3, 12, 38);

	INSERT INTO Doc_cabecalho (DATA_EMISSAO, TIPO_DOC, ID_CLIENTE) VALUES(TO_DATE('2016/02/10', 'YYYY/MM/DD'), 1, 22);
	INSERT INTO Doc_detalhe (NR_CLIENTE, NR_LINHA, ID_PRODUTO, PESO) VALUES(22, 1, 25, 73);

	INSERT INTO Doc_cabecalho (DATA_EMISSAO, TIPO_DOC, ID_CLIENTE) VALUES(TO_DATE('2016/02/12', 'YYYY/MM/DD'), 2, 22);
	INSERT INTO Doc_detalhe (NR_CLIENTE, NR_LINHA, ID_PRODUTO, PESO) VALUES(22, 1, 25, 73);

	INSERT INTO Doc_cabecalho (DATA_EMISSAO, TIPO_DOC, ID_CLIENTE) VALUES(TO_DATE('2016/02/20', 'YYYY/MM/DD'), 3, 22);
	INSERT INTO Doc_detalhe (NR_CLIENTE, NR_LINHA, ID_PRODUTO, PESO, ID_MEIO) VALUES(22, 1, 25, 73, 1);

	INSERT INTO Doc_cabecalho (DATA_EMISSAO, TIPO_DOC, ID_CLIENTE) VALUES(TO_DATE('2016/01/23', 'YYYY/MM/DD'), 1, 29);
	INSERT INTO Doc_detalhe (NR_CLIENTE, NR_LINHA, ID_PRODUTO, PESO) VALUES(29, 1, 19, 27);
	INSERT INTO Doc_detalhe (NR_CLIENTE, NR_LINHA, ID_PRODUTO, PESO) VALUES(29, 2, 35, 88);
	INSERT INTO Doc_detalhe (NR_CLIENTE, NR_LINHA, ID_PRODUTO, PESO) VALUES(29, 3, 9, 50);

	INSERT INTO Doc_cabecalho (DATA_EMISSAO, TIPO_DOC, ID_CLIENTE) VALUES(TO_DATE('2014/12/31', 'YYYY/MM/DD'), 2, 25);
	INSERT INTO Doc_detalhe (NR_CLIENTE, NR_LINHA, ID_PRODUTO, PESO) VALUES(25, 1, 34, 77);
	INSERT INTO Doc_detalhe (NR_CLIENTE, NR_LINHA, ID_PRODUTO, PESO) VALUES(25, 2, 26, 43);
	INSERT INTO Doc_detalhe (NR_CLIENTE, NR_LINHA, ID_PRODUTO, PESO) VALUES(25, 3, 7, 62);

	INSERT INTO Doc_cabecalho (DATA_EMISSAO, TIPO_DOC, ID_CLIENTE) VALUES(TO_DATE('2014/12/31', 'YYYY/MM/DD'), 3, 25);
	INSERT INTO Doc_detalhe (NR_CLIENTE, NR_LINHA, ID_PRODUTO, PESO, ID_MEIO) VALUES(25, 1, 34, 77, 4);
	INSERT INTO Doc_detalhe (NR_CLIENTE, NR_LINHA, ID_PRODUTO, PESO, ID_MEIO) VALUES(25, 2, 26, 43, 2);
	INSERT INTO Doc_detalhe (NR_CLIENTE, NR_LINHA, ID_PRODUTO, PESO, ID_MEIO) VALUES(25, 3, 7, 62, 4);

	INSERT INTO Doc_cabecalho (DATA_EMISSAO, TIPO_DOC, ID_CLIENTE) VALUES(TO_DATE('2015/01/31', 'YYYY/MM/DD'), 1, 22);
	INSERT INTO Doc_detalhe (NR_CLIENTE, NR_LINHA, ID_PRODUTO, PESO) VALUES(22, 1, 16, 89);
	INSERT INTO Doc_detalhe (NR_CLIENTE, NR_LINHA, ID_PRODUTO, PESO) VALUES(22, 2, 2, 81);

	INSERT INTO Doc_cabecalho (DATA_EMISSAO, TIPO_DOC, ID_CLIENTE) VALUES(TO_DATE('2015/02/11', 'YYYY/MM/DD'), 2, 22);
	INSERT INTO Doc_detalhe (NR_CLIENTE, NR_LINHA, ID_PRODUTO, PESO) VALUES(2, 1, 30, 61);
	INSERT INTO Doc_detalhe (NR_CLIENTE, NR_LINHA, ID_PRODUTO, PESO) VALUES(2, 2, 4, 37);
	INSERT INTO Doc_detalhe (NR_CLIENTE, NR_LINHA, ID_PRODUTO, PESO) VALUES(2, 3, 11, 79);

	INSERT INTO Doc_cabecalho (DATA_EMISSAO, TIPO_DOC, ID_CLIENTE) VALUES(TO_DATE('2015/06/11', 'YYYY/MM/DD'), 3, 22);
	INSERT INTO Doc_detalhe (NR_CLIENTE, NR_LINHA, ID_PRODUTO, PESO, ID_MEIO) VALUES(2, 1, 30, 61, 4);
	INSERT INTO Doc_detalhe (NR_CLIENTE, NR_LINHA, ID_PRODUTO, PESO, ID_MEIO) VALUES(2, 2, 4, 37, 1);
	INSERT INTO Doc_detalhe (NR_CLIENTE, NR_LINHA, ID_PRODUTO, PESO, ID_MEIO) VALUES(2, 3, 11, 79, 4);

	INSERT INTO Doc_cabecalho (DATA_EMISSAO, TIPO_DOC, ID_CLIENTE) VALUES(TO_DATE('2015/09/12', 'YYYY/MM/DD'), 1, 8);
	INSERT INTO Doc_detalhe (NR_CLIENTE, NR_LINHA, ID_PRODUTO, PESO) VALUES(8, 1, 20, 97);
	INSERT INTO Doc_detalhe (NR_CLIENTE, NR_LINHA, ID_PRODUTO, PESO) VALUES(8, 2, 19, 34);

	INSERT INTO Doc_cabecalho (DATA_EMISSAO, TIPO_DOC, ID_CLIENTE) VALUES(TO_DATE('2016/12/02', 'YYYY/MM/DD'), 2, 8);
	INSERT INTO Doc_detalhe (NR_CLIENTE, NR_LINHA, ID_PRODUTO, PESO) VALUES(8, 1, 20, 97);
	INSERT INTO Doc_detalhe (NR_CLIENTE, NR_LINHA, ID_PRODUTO, PESO) VALUES(8, 2, 19, 34);

	INSERT INTO Doc_cabecalho (DATA_EMISSAO, TIPO_DOC, ID_CLIENTE) VALUES(TO_DATE('2016/01/02', 'YYYY/MM/DD'), 3, 8);
	INSERT INTO Doc_detalhe (NR_CLIENTE, NR_LINHA, ID_PRODUTO, PESO, ID_MEIO) VALUES(8, 1, 20, 97, 4);
	INSERT INTO Doc_detalhe (NR_CLIENTE, NR_LINHA, ID_PRODUTO, PESO, ID_MEIO) VALUES(8, 2, 19, 34, 1);

	INSERT INTO Doc_cabecalho (DATA_EMISSAO, TIPO_DOC, ID_CLIENTE) VALUES(TO_DATE('2015/02/21', 'YYYY/MM/DD'), 1, 12);
	INSERT INTO Doc_detalhe (NR_CLIENTE, NR_LINHA, ID_PRODUTO, PESO) VALUES(12, 1, 7, 50);
	INSERT INTO Doc_detalhe (NR_CLIENTE, NR_LINHA, ID_PRODUTO, PESO) VALUES(12, 2, 14, 86);
	INSERT INTO Doc_detalhe (NR_CLIENTE, NR_LINHA, ID_PRODUTO, PESO) VALUES(12, 3, 28, 45);
	INSERT INTO Doc_detalhe (NR_CLIENTE, NR_LINHA, ID_PRODUTO, PESO) VALUES(12, 4, 9, 46);

	INSERT INTO Doc_cabecalho (DATA_EMISSAO, TIPO_DOC, ID_CLIENTE) VALUES(TO_DATE('2015/03/10', 'YYYY/MM/DD'), 2, 12);
	INSERT INTO Doc_detalhe (NR_CLIENTE, NR_LINHA, ID_PRODUTO, PESO) VALUES(12, 1, 7, 50);
	INSERT INTO Doc_detalhe (NR_CLIENTE, NR_LINHA, ID_PRODUTO, PESO) VALUES(12, 2, 14, 86);
	INSERT INTO Doc_detalhe (NR_CLIENTE, NR_LINHA, ID_PRODUTO, PESO) VALUES(12, 3, 28, 45);
	INSERT INTO Doc_detalhe (NR_CLIENTE, NR_LINHA, ID_PRODUTO, PESO) VALUES(12, 4, 9, 46);

	INSERT INTO Doc_cabecalho (DATA_EMISSAO, TIPO_DOC, ID_CLIENTE) VALUES(TO_DATE('2015/08/27', 'YYYY/MM/DD'), 1, 12);
	INSERT INTO Doc_detalhe (NR_CLIENTE, NR_LINHA, ID_PRODUTO, PESO) VALUES(12, 1, 29, 74);
	INSERT INTO Doc_detalhe (NR_CLIENTE, NR_LINHA, ID_PRODUTO, PESO) VALUES(12, 2, 4, 85);
	INSERT INTO Doc_detalhe (NR_CLIENTE, NR_LINHA, ID_PRODUTO, PESO) VALUES(12, 3, 28, 59);
	INSERT INTO Doc_detalhe (NR_CLIENTE, NR_LINHA, ID_PRODUTO, PESO) VALUES(12, 4, 4, 75);
	INSERT INTO Doc_detalhe (NR_CLIENTE, NR_LINHA, ID_PRODUTO, PESO) VALUES(12, 5, 6, 63);

	INSERT INTO Doc_cabecalho (DATA_EMISSAO, TIPO_DOC, ID_CLIENTE) VALUES(TO_DATE('2015/04/16', 'YYYY/MM/DD'), 1, 28);
	INSERT INTO Doc_detalhe (NR_CLIENTE, NR_LINHA, ID_PRODUTO, PESO) VALUES(28, 1, 32, 34);

	INSERT INTO Doc_cabecalho (DATA_EMISSAO, TIPO_DOC, ID_CLIENTE) VALUES(TO_DATE('2015/04/20', 'YYYY/MM/DD'), 2, 28);
	INSERT INTO Doc_detalhe (NR_CLIENTE, NR_LINHA, ID_PRODUTO, PESO) VALUES(28, 1, 32, 34);

	INSERT INTO Doc_cabecalho (DATA_EMISSAO, TIPO_DOC, ID_CLIENTE) VALUES(TO_DATE('2015/04/21', 'YYYY/MM/DD'), 2, 28);
	INSERT INTO Doc_detalhe (NR_CLIENTE, NR_LINHA, ID_PRODUTO, PESO, ID_MEIO) VALUES(28, 1, 32, 34, 3);

	INSERT INTO Doc_cabecalho (DATA_EMISSAO, TIPO_DOC, ID_CLIENTE) VALUES(TO_DATE('2015/10/16', 'YYYY/MM/DD'), 1, 11);
	INSERT INTO Doc_detalhe (NR_CLIENTE, NR_LINHA, ID_PRODUTO, PESO) VALUES(11, 1, 20, 55);
	INSERT INTO Doc_detalhe (NR_CLIENTE, NR_LINHA, ID_PRODUTO, PESO) VALUES(11, 2, 5, 32);
	INSERT INTO Doc_detalhe (NR_CLIENTE, NR_LINHA, ID_PRODUTO, PESO) VALUES(11, 3, 17, 58);
	INSERT INTO Doc_detalhe (NR_CLIENTE, NR_LINHA, ID_PRODUTO, PESO) VALUES(11, 4, 13, 79);

	INSERT INTO Doc_cabecalho (DATA_EMISSAO, TIPO_DOC, ID_CLIENTE) VALUES(TO_DATE('2015/10/20', 'YYYY/MM/DD'), 2, 11);
	INSERT INTO Doc_detalhe (NR_CLIENTE, NR_LINHA, ID_PRODUTO, PESO) VALUES(11, 1, 20, 55);
	INSERT INTO Doc_detalhe (NR_CLIENTE, NR_LINHA, ID_PRODUTO, PESO) VALUES(11, 2, 5, 32);
	INSERT INTO Doc_detalhe (NR_CLIENTE, NR_LINHA, ID_PRODUTO, PESO) VALUES(11, 3, 17, 58);
	INSERT INTO Doc_detalhe (NR_CLIENTE, NR_LINHA, ID_PRODUTO, PESO) VALUES(11, 4, 13, 79);

	INSERT INTO Doc_cabecalho (DATA_EMISSAO, TIPO_DOC, ID_CLIENTE) VALUES(TO_DATE('2015/10/31', 'YYYY/MM/DD'), 3, 11);
	INSERT INTO Doc_detalhe (NR_CLIENTE, NR_LINHA, ID_PRODUTO, PESO, ID_MEIO) VALUES(11, 1, 20, 55, 3);
	INSERT INTO Doc_detalhe (NR_CLIENTE, NR_LINHA, ID_PRODUTO, PESO, ID_MEIO) VALUES(11, 2, 5, 32, 2);
	INSERT INTO Doc_detalhe (NR_CLIENTE, NR_LINHA, ID_PRODUTO, PESO, ID_MEIO) VALUES(11, 3, 17, 58, 2);
	INSERT INTO Doc_detalhe (NR_CLIENTE, NR_LINHA, ID_PRODUTO, PESO, ID_MEIO) VALUES(11, 4, 13, 79, 3);

	INSERT INTO Doc_cabecalho (DATA_EMISSAO, TIPO_DOC, ID_CLIENTE) VALUES(TO_DATE('2015/11/28', 'YYYY/MM/DD'), 1, 8);
	INSERT INTO Doc_detalhe (NR_CLIENTE, NR_LINHA, ID_PRODUTO, PESO, ID_MEIO) VALUES(8, 1, 21, 23, 3);
	INSERT INTO Doc_detalhe (NR_CLIENTE, NR_LINHA, ID_PRODUTO, PESO, ID_MEIO) VALUES(8, 2, 2, 51, 4);
	INSERT INTO Doc_detalhe (NR_CLIENTE, NR_LINHA, ID_PRODUTO, PESO, ID_MEIO) VALUES(8, 3, 26, 63, 1);
	INSERT INTO Doc_detalhe (NR_CLIENTE, NR_LINHA, ID_PRODUTO, PESO, ID_MEIO) VALUES(8, 4, 15, 53, 2);

	INSERT INTO Doc_cabecalho (DATA_EMISSAO, TIPO_DOC, ID_CLIENTE) VALUES(TO_DATE('2015/08/01', 'YYYY/MM/DD'), 1, 25);
	INSERT INTO Doc_detalhe (NR_CLIENTE, NR_LINHA, ID_PRODUTO, PESO, ID_MEIO) VALUES(25, 1, 10, 76, 3);
	INSERT INTO Doc_detalhe (NR_CLIENTE, NR_LINHA, ID_PRODUTO, PESO, ID_MEIO) VALUES(25, 2, 19, 71, 3);
	INSERT INTO Doc_detalhe (NR_CLIENTE, NR_LINHA, ID_PRODUTO, PESO, ID_MEIO) VALUES(25, 3, 33, 41, 1);
	INSERT INTO Doc_detalhe (NR_CLIENTE, NR_LINHA, ID_PRODUTO, PESO, ID_MEIO) VALUES(25, 4, 29, 69, 4);

	INSERT INTO Doc_cabecalho (DATA_EMISSAO, TIPO_DOC, ID_CLIENTE) VALUES(TO_DATE('2015/09/24', 'YYYY/MM/DD'), 2, 25);
	INSERT INTO Doc_detalhe (NR_CLIENTE, NR_LINHA, ID_PRODUTO, PESO) VALUES(25, 1, 10, 76);
	INSERT INTO Doc_detalhe (NR_CLIENTE, NR_LINHA, ID_PRODUTO, PESO) VALUES(25, 2, 19, 71);
	INSERT INTO Doc_detalhe (NR_CLIENTE, NR_LINHA, ID_PRODUTO, PESO) VALUES(25, 3, 33, 41);
	INSERT INTO Doc_detalhe (NR_CLIENTE, NR_LINHA, ID_PRODUTO, PESO) VALUES(25, 4, 29, 69);

	INSERT INTO Doc_cabecalho (DATA_EMISSAO, TIPO_DOC, ID_CLIENTE) VALUES(TO_DATE('2015/10/06', 'YYYY/MM/DD'), 3, 25);
	INSERT INTO Doc_detalhe (NR_CLIENTE, NR_LINHA, ID_PRODUTO, PESO, ID_MEIO) VALUES(25, 1, 10, 76, 3);
	INSERT INTO Doc_detalhe (NR_CLIENTE, NR_LINHA, ID_PRODUTO, PESO, ID_MEIO) VALUES(25, 2, 19, 71, 3);
	INSERT INTO Doc_detalhe (NR_CLIENTE, NR_LINHA, ID_PRODUTO, PESO, ID_MEIO) VALUES(25, 3, 33, 41, 1);
	INSERT INTO Doc_detalhe (NR_CLIENTE, NR_LINHA, ID_PRODUTO, PESO, ID_MEIO) VALUES(25, 4, 29, 69, 4);

	INSERT INTO Doc_cabecalho (DATA_EMISSAO, TIPO_DOC, ID_CLIENTE) VALUES(TO_DATE('2015/03/18', 'YYYY/MM/DD'), 1, 18);
	INSERT INTO Doc_detalhe (NR_CLIENTE, NR_LINHA, ID_PRODUTO, PESO) VALUES(18, 1, 25, 65);
	INSERT INTO Doc_detalhe (NR_CLIENTE, NR_LINHA, ID_PRODUTO, PESO) VALUES(18, 2, 29, 25);
	INSERT INTO Doc_detalhe (NR_CLIENTE, NR_LINHA, ID_PRODUTO, PESO) VALUES(18, 3, 18, 59);
	INSERT INTO Doc_detalhe (NR_CLIENTE, NR_LINHA, ID_PRODUTO, PESO) VALUES(18, 4, 7, 69);
	INSERT INTO Doc_detalhe (NR_CLIENTE, NR_LINHA, ID_PRODUTO, PESO) VALUES(18, 5, 18, 31);

	INSERT INTO Doc_cabecalho (DATA_EMISSAO, TIPO_DOC, ID_CLIENTE) VALUES(TO_DATE('2015/04/23', 'YYYY/MM/DD'), 2, 18);
	INSERT INTO Doc_detalhe (NR_CLIENTE, NR_LINHA, ID_PRODUTO, PESO) VALUES(18, 1, 25, 65);
	INSERT INTO Doc_detalhe (NR_CLIENTE, NR_LINHA, ID_PRODUTO, PESO) VALUES(18, 2, 29, 25);
	INSERT INTO Doc_detalhe (NR_CLIENTE, NR_LINHA, ID_PRODUTO, PESO) VALUES(18, 3, 18, 59);
	INSERT INTO Doc_detalhe (NR_CLIENTE, NR_LINHA, ID_PRODUTO, PESO) VALUES(18, 4, 7, 69);
	INSERT INTO Doc_detalhe (NR_CLIENTE, NR_LINHA, ID_PRODUTO, PESO) VALUES(18, 5, 18, 31);

	INSERT INTO Doc_cabecalho (DATA_EMISSAO, TIPO_DOC, ID_CLIENTE) VALUES(TO_DATE('2015/05/08', 'YYYY/MM/DD'), 3, 18);
	INSERT INTO Doc_detalhe (NR_CLIENTE, NR_LINHA, ID_PRODUTO, PESO, ID_MEIO) VALUES(18, 1, 25, 65, 4);
	INSERT INTO Doc_detalhe (NR_CLIENTE, NR_LINHA, ID_PRODUTO, PESO, ID_MEIO) VALUES(18, 2, 29, 25, 1);
	INSERT INTO Doc_detalhe (NR_CLIENTE, NR_LINHA, ID_PRODUTO, PESO, ID_MEIO) VALUES(18, 3, 18, 59, 4);
	INSERT INTO Doc_detalhe (NR_CLIENTE, NR_LINHA, ID_PRODUTO, PESO, ID_MEIO) VALUES(18, 4, 7, 69, 2);
	INSERT INTO Doc_detalhe (NR_CLIENTE, NR_LINHA, ID_PRODUTO, PESO, ID_MEIO) VALUES(18, 5, 18, 31, 2);

	INSERT INTO Doc_cabecalho (DATA_EMISSAO, TIPO_DOC, ID_CLIENTE) VALUES(TO_DATE('2016/05/11', 'YYYY/MM/DD'), 1, 2);
	INSERT INTO Doc_detalhe (NR_CLIENTE, NR_LINHA, ID_PRODUTO, PESO) VALUES(2, 1, 20, 62);
	INSERT INTO Doc_detalhe (NR_CLIENTE, NR_LINHA, ID_PRODUTO, PESO) VALUES(2, 2, 19, 94);
	INSERT INTO Doc_detalhe (NR_CLIENTE, NR_LINHA, ID_PRODUTO, PESO) VALUES(2, 3, 32, 73);

	INSERT INTO Doc_cabecalho (DATA_EMISSAO, TIPO_DOC, ID_CLIENTE) VALUES(TO_DATE('2016/06/21', 'YYYY/MM/DD'), 2, 2);
	INSERT INTO Doc_detalhe (NR_CLIENTE, NR_LINHA, ID_PRODUTO, PESO) VALUES(2, 1, 20, 62);
	INSERT INTO Doc_detalhe (NR_CLIENTE, NR_LINHA, ID_PRODUTO, PESO) VALUES(2, 2, 19, 94);
	INSERT INTO Doc_detalhe (NR_CLIENTE, NR_LINHA, ID_PRODUTO, PESO) VALUES(2, 3, 32, 73);

	INSERT INTO Doc_cabecalho (DATA_EMISSAO, TIPO_DOC, ID_CLIENTE) VALUES(TO_DATE('2015/10/15', 'YYYY/MM/DD'), 1, 25);
	INSERT INTO Doc_detalhe (NR_CLIENTE, NR_LINHA, ID_PRODUTO, PESO) VALUES(25, 1, 32, 64);

	INSERT INTO Doc_cabecalho (DATA_EMISSAO, TIPO_DOC, ID_CLIENTE) VALUES(TO_DATE('2015/10/19', 'YYYY/MM/DD'), 2, 25);
	INSERT INTO Doc_detalhe (NR_CLIENTE, NR_LINHA, ID_PRODUTO, PESO) VALUES(25, 1, 32, 64);

	INSERT INTO Doc_cabecalho (DATA_EMISSAO, TIPO_DOC, ID_CLIENTE) VALUES(TO_DATE('2015/02/20', 'YYYY/MM/DD'), 1, 24);
	INSERT INTO Doc_detalhe (NR_CLIENTE, NR_LINHA, ID_PRODUTO, PESO) VALUES(24, 1, 19, 96);
	INSERT INTO Doc_detalhe (NR_CLIENTE, NR_LINHA, ID_PRODUTO, PESO) VALUES(24, 2, 15, 62);
	INSERT INTO Doc_detalhe (NR_CLIENTE, NR_LINHA, ID_PRODUTO, PESO) VALUES(24, 3, 3, 56);

	INSERT INTO Doc_cabecalho (DATA_EMISSAO, TIPO_DOC, ID_CLIENTE) VALUES(TO_DATE('2015/05/10', 'YYYY/MM/DD'), 2, 24);
	INSERT INTO Doc_detalhe (NR_CLIENTE, NR_LINHA, ID_PRODUTO, PESO) VALUES(24, 1, 19, 96);
	INSERT INTO Doc_detalhe (NR_CLIENTE, NR_LINHA, ID_PRODUTO, PESO) VALUES(24, 2, 15, 62);
	INSERT INTO Doc_detalhe (NR_CLIENTE, NR_LINHA, ID_PRODUTO, PESO) VALUES(24, 3, 3, 56);

	INSERT INTO Doc_cabecalho (DATA_EMISSAO, TIPO_DOC, ID_CLIENTE) VALUES(TO_DATE('2015/09/20', 'YYYY/MM/DD'), 3, 24);
	INSERT INTO Doc_detalhe (NR_CLIENTE, NR_LINHA, ID_PRODUTO, PESO, ID_MEIO) VALUES(24, 1, 19, 96, 4);
	INSERT INTO Doc_detalhe (NR_CLIENTE, NR_LINHA, ID_PRODUTO, PESO, ID_MEIO) VALUES(24, 2, 15, 62, 2);
	INSERT INTO Doc_detalhe (NR_CLIENTE, NR_LINHA, ID_PRODUTO, PESO, ID_MEIO) VALUES(24, 3, 3, 56, 4);

	INSERT INTO Doc_cabecalho (DATA_EMISSAO, TIPO_DOC, ID_CLIENTE) VALUES(TO_DATE('2016/01/25', 'YYYY/MM/DD'), 1, 12);
	INSERT INTO Doc_detalhe (NR_CLIENTE, NR_LINHA, ID_PRODUTO, PESO) VALUES(12, 1, 13, 80);
	INSERT INTO Doc_detalhe (NR_CLIENTE, NR_LINHA, ID_PRODUTO, PESO) VALUES(12, 2, 11, 49);
	INSERT INTO Doc_detalhe (NR_CLIENTE, NR_LINHA, ID_PRODUTO, PESO) VALUES(12, 3, 28, 26);
	INSERT INTO Doc_detalhe (NR_CLIENTE, NR_LINHA, ID_PRODUTO, PESO) VALUES(12, 4, 6, 23);
	INSERT INTO Doc_detalhe (NR_CLIENTE, NR_LINHA, ID_PRODUTO, PESO) VALUES(12, 5, 32, 31);

	INSERT INTO Doc_cabecalho (DATA_EMISSAO, TIPO_DOC, ID_CLIENTE) VALUES(TO_DATE('2016/02/10', 'YYYY/MM/DD'), 2, 12);
	INSERT INTO Doc_detalhe (NR_CLIENTE, NR_LINHA, ID_PRODUTO, PESO) VALUES(12, 1, 13, 80);
	INSERT INTO Doc_detalhe (NR_CLIENTE, NR_LINHA, ID_PRODUTO, PESO) VALUES(12, 2, 11, 49);
	INSERT INTO Doc_detalhe (NR_CLIENTE, NR_LINHA, ID_PRODUTO, PESO) VALUES(12, 3, 28, 26);
	INSERT INTO Doc_detalhe (NR_CLIENTE, NR_LINHA, ID_PRODUTO, PESO) VALUES(12, 4, 6, 23);
	INSERT INTO Doc_detalhe (NR_CLIENTE, NR_LINHA, ID_PRODUTO, PESO) VALUES(12, 5, 32, 31);

	INSERT INTO Doc_cabecalho (DATA_EMISSAO, TIPO_DOC, ID_CLIENTE) VALUES(TO_DATE('2016/03/01', 'YYYY/MM/DD'), 1, 12);
	INSERT INTO Doc_detalhe (NR_CLIENTE, NR_LINHA, ID_PRODUTO, PESO) VALUES(12, 1, 13, 80);
	INSERT INTO Doc_detalhe (NR_CLIENTE, NR_LINHA, ID_PRODUTO, PESO) VALUES(12, 2, 11, 49);
	INSERT INTO Doc_detalhe (NR_CLIENTE, NR_LINHA, ID_PRODUTO, PESO) VALUES(12, 3, 28, 26);
	INSERT INTO Doc_detalhe (NR_CLIENTE, NR_LINHA, ID_PRODUTO, PESO) VALUES(12, 4, 6, 23);
	INSERT INTO Doc_detalhe (NR_CLIENTE, NR_LINHA, ID_PRODUTO, PESO) VALUES(12, 5, 32, 31);

	INSERT INTO Doc_cabecalho (DATA_EMISSAO, TIPO_DOC, ID_CLIENTE) VALUES(TO_DATE('2016/03/13', 'YYYY/MM/DD'), 2, 12);
	INSERT INTO Doc_detalhe (NR_CLIENTE, NR_LINHA, ID_PRODUTO, PESO) VALUES(12, 1, 13, 80);
	INSERT INTO Doc_detalhe (NR_CLIENTE, NR_LINHA, ID_PRODUTO, PESO) VALUES(12, 2, 11, 49);
	INSERT INTO Doc_detalhe (NR_CLIENTE, NR_LINHA, ID_PRODUTO, PESO) VALUES(12, 3, 28, 26);
	INSERT INTO Doc_detalhe (NR_CLIENTE, NR_LINHA, ID_PRODUTO, PESO) VALUES(12, 4, 6, 23);
	INSERT INTO Doc_detalhe (NR_CLIENTE, NR_LINHA, ID_PRODUTO, PESO) VALUES(12, 5, 32, 31);

	INSERT INTO Doc_cabecalho (DATA_EMISSAO, TIPO_DOC, ID_CLIENTE) VALUES(TO_DATE('2016/04/22', 'YYYY/MM/DD'), 3, 12);
	INSERT INTO Doc_detalhe (NR_CLIENTE, NR_LINHA, ID_PRODUTO, PESO, ID_MEIO) VALUES(12, 1, 13, 80, 3);
	INSERT INTO Doc_detalhe (NR_CLIENTE, NR_LINHA, ID_PRODUTO, PESO, ID_MEIO) VALUES(12, 2, 11, 49, 4);
	INSERT INTO Doc_detalhe (NR_CLIENTE, NR_LINHA, ID_PRODUTO, PESO, ID_MEIO) VALUES(12, 3, 28, 26, 3);
	INSERT INTO Doc_detalhe (NR_CLIENTE, NR_LINHA, ID_PRODUTO, PESO, ID_MEIO) VALUES(12, 4, 6, 23, 3);
	INSERT INTO Doc_detalhe (NR_CLIENTE, NR_LINHA, ID_PRODUTO, PESO, ID_MEIO) VALUES(12, 5, 32, 31, 2);

	INSERT INTO Doc_cabecalho (DATA_EMISSAO, TIPO_DOC, ID_CLIENTE) VALUES(TO_DATE('2015/09/07', 'YYYY/MM/DD'), 1, 6);
	INSERT INTO Doc_detalhe (NR_CLIENTE, NR_LINHA, ID_PRODUTO, PESO) VALUES(6, 1, 24, 80);

	INSERT INTO Doc_cabecalho (DATA_EMISSAO, TIPO_DOC, ID_CLIENTE) VALUES(TO_DATE('2015/10/07', 'YYYY/MM/DD'), 2, 6);
	INSERT INTO Doc_detalhe (NR_CLIENTE, NR_LINHA, ID_PRODUTO, PESO) VALUES(6, 1, 22, 80);

	INSERT INTO Doc_cabecalho (DATA_EMISSAO, TIPO_DOC, ID_CLIENTE) VALUES(TO_DATE('2015/10/07', 'YYYY/MM/DD'), 3, 6);
	INSERT INTO Doc_detalhe (NR_CLIENTE, NR_LINHA, ID_PRODUTO, PESO, ID_MEIO) VALUES(6, 1, 22, 80, 3);

	INSERT INTO Doc_cabecalho (DATA_EMISSAO, TIPO_DOC, ID_CLIENTE) VALUES(TO_DATE('2015/03/03', 'YYYY/MM/DD'), 1, 1);
	INSERT INTO Doc_detalhe (NR_CLIENTE, NR_LINHA, ID_PRODUTO, PESO) VALUES(1, 1, 31, 88);
	INSERT INTO Doc_detalhe (NR_CLIENTE, NR_LINHA, ID_PRODUTO, PESO) VALUES(1, 2, 13, 93);
	INSERT INTO Doc_detalhe (NR_CLIENTE, NR_LINHA, ID_PRODUTO, PESO) VALUES(1, 3, 32, 26);

	INSERT INTO Doc_cabecalho (DATA_EMISSAO, TIPO_DOC, ID_CLIENTE) VALUES(TO_DATE('2015/10/03', 'YYYY/MM/DD'), 2, 1);
	INSERT INTO Doc_detalhe (NR_CLIENTE, NR_LINHA, ID_PRODUTO, PESO) VALUES(1, 1, 31, 88);
	INSERT INTO Doc_detalhe (NR_CLIENTE, NR_LINHA, ID_PRODUTO, PESO) VALUES(1, 2, 13, 93);
	INSERT INTO Doc_detalhe (NR_CLIENTE, NR_LINHA, ID_PRODUTO, PESO) VALUES(1, 3, 32, 26);

	INSERT INTO Doc_cabecalho (DATA_EMISSAO, TIPO_DOC, ID_CLIENTE) VALUES(TO_DATE('2016/01/20', 'YYYY/MM/DD'), 1, 8);
	INSERT INTO Doc_detalhe (NR_CLIENTE, NR_LINHA, ID_PRODUTO, PESO) VALUES(8, 1, 2, 59);
	INSERT INTO Doc_detalhe (NR_CLIENTE, NR_LINHA, ID_PRODUTO, PESO) VALUES(8, 2, 18, 88);

	INSERT INTO Doc_cabecalho (DATA_EMISSAO, TIPO_DOC, ID_CLIENTE) VALUES(TO_DATE('2016/01/31', 'YYYY/MM/DD'), 2, 8);
	INSERT INTO Doc_detalhe (NR_CLIENTE, NR_LINHA, ID_PRODUTO, PESO) VALUES(8, 1, 2, 59);
	INSERT INTO Doc_detalhe (NR_CLIENTE, NR_LINHA, ID_PRODUTO, PESO) VALUES(8, 2, 18, 88);

	INSERT INTO Doc_cabecalho (DATA_EMISSAO, TIPO_DOC, ID_CLIENTE) VALUES(TO_DATE('2016/02/02', 'YYYY/MM/DD'), 3, 8);
	INSERT INTO Doc_detalhe (NR_CLIENTE, NR_LINHA, ID_PRODUTO, PESO, ID_MEIO) VALUES(8, 1, 2, 59, 4);
	INSERT INTO Doc_detalhe (NR_CLIENTE, NR_LINHA, ID_PRODUTO, PESO, ID_MEIO) VALUES(8, 2, 18, 88, 4);

EXCEPTION
	WHEN OTHERS THEN
	ROLLBACK TO S8;
END;
COMMIT;
END;
/

------------------------------------------------------------------------------------

BEGIN
	SAVEPOINT S9;
BEGIN
	INSERT INTO Recibo VALUES(3, '2016/05/12', 1);
	INSERT INTO Recibo VALUES(9, '2016/10/24', 1);
	INSERT INTO Recibo VALUES(2, '2016/02/12', 3);
	INSERT INTO Recibo VALUES(1, '2016/04/24', 1);
	INSERT INTO Recibo VALUES(10, '2016/11/01', 2);
	INSERT INTO Recibo VALUES(4, '2015/12/02', 2);
	INSERT INTO Recibo VALUES(8, '2015/05/31', 3);
	INSERT INTO Recibo VALUES(11, '2016/06/01', 2);
	INSERT INTO Recibo VALUES(6, '2016/04/12', 1);
	INSERT INTO Recibo VALUES(7, '2016/01/22', 1);
	INSERT INTO Recibo VALUES(5, '2015/09/25', 1);
EXCEPTION
	WHEN OTHERS THEN
	ROLLBACK TO S9;
END;
COMMIT;
END;
/

COMMIT;